Model,ELO,TEST_COUNT
BLIP2,444.7967085622083,3271
INSTRUCT_BLIP,543.1671240537809,3297
LLAVA,787.2272127971291,3222
GIT,320.8441067866408,3383
KOSMOS2,515.4427526457746,3396
VILT,388.5220951544685,3419
