Model,ELO,TEST_COUNT
BLIP2,500.0,0
INSTRUCT_BLIP,560.3160473086635,3715
LLAVA,655.288711146271,3847
GIT,298.7344757597636,3586
KOSMOS2,611.1698689570251,3883
VILT,374.49089682827787,3805
