Model,ELO,TEST_COUNT
BLIP2,552.0888402546111,17
INSTRUCT_BLIP,481.6972554691853,15
LLAVA,588.0114763209393,13
GIT,446.582209984424,15
KOSMOS2,523.0726838696988,20
VILT,408.5475341011418,20
