Model,ELO,TEST_COUNT
BLIP2,561.1161891379899,1137
INSTRUCT_BLIP,543.5598952383157,1120
LLAVA,628.7495544588527,1128
GIT,319.6361078418128,1107
KOSMOS2,482.70014233382415,1121
VILT,464.23811098920595,1093
