Model,ELO,TEST_COUNT
BLIP2,531.9056771496707,192
INSTRUCT_BLIP,513.1607253009265,206
LLAVA,795.3896935170176,190
GIT,266.46460630629406,209
KOSMOS2,506.1627564045808,182
VILT,386.91654132150944,181
