Model,ELO,TEST_COUNT
BLIP2,514.6350963001971,20
INSTRUCT_BLIP,527.3603483427374,28
LLAVA,702.745602387446,32
GIT,297.9808759840062,35
KOSMOS2,543.5407607523749,31
VILT,413.7373162332386,34
