Model,ELO,TEST_COUNT
BLIP2,562.6930121333731,269
INSTRUCT_BLIP,573.7015665528658,271
LLAVA,639.3327904105005,250
GIT,303.9659728146615,267
KOSMOS2,503.3785684965193,249
VILT,416.9280895920789,256
