Model,ELO
BLIP2,483.263693206478
INSTRUCT_BLIP,500.736306793522
LLAVA,499.263693206478
GIT,500.0
KOSMOS2,516.736306793522
