Model,ELO,TEST_COUNT
BLIP2,479.6752912046801,850
INSTRUCT_BLIP,474.8045139866346,812
LLAVA,852.6053080490935,858
GIT,285.5459721393034,827
KOSMOS2,495.1517658107733,835
VILT,412.2171488095155,846
