Model,ELO,TEST_COUNT
BLIP2,544.5804636385427,1282
INSTRUCT_BLIP,545.1741419057809,1251
LLAVA,576.096091652341,1280
GIT,339.61128199817,1241
KOSMOS2,525.3006075143605,1256
VILT,469.23741329080656,1232
