Model,ELO,TEST_COUNT
BLIP2,551.2748661824332,408
INSTRUCT_BLIP,515.9587595663629,412
LLAVA,602.5840028293576,408
GIT,421.9894001935699,415
KOSMOS2,508.8301878062733,380
VILT,399.3627834220022,413
