Model,ELO,TEST_COUNT
BLIP2,575.6942620661589,751
INSTRUCT_BLIP,499.05606682772265,735
LLAVA,388.07405357732125,537
GIT,500.0,0
KOSMOS2,529.8073484138652,654
VILT,507.3682691149307,725
