Model,ELO,TEST_COUNT
BLIP2,655.8543953226343,2925
INSTRUCT_BLIP,500.0,0
LLAVA,532.7039075409813,2626
GIT,301.1821055880314,2765
KOSMOS2,601.6631322265252,3124
VILT,408.596459321828,3008
