Model,ELO,TEST_COUNT
BLIP2,538.4454947476977,3946
INSTRUCT_BLIP,569.919934234848,3905
LLAVA,500.0,0
GIT,436.54058056026673,3872
KOSMOS2,537.003718026825,3904
VILT,418.0902724303625,3819
